timestamp,identity_consistency_score,transition_latency_ms,context_drift,icf_retry
2026-01-01 00:00:00,0.7501735162039349,255.99846412209598,0.14766956440599255,1
2026-01-01 01:00:00,0.8118014836870056,244.55413668877577,0.1389136220170158,1
2026-01-01 02:00:00,0.9695943789754694,200.81866405554354,0.07051234910519978,0
2026-01-01 03:00:00,0.7819660274176888,263.7494772686274,0.03622523421703405,1
2026-01-01 04:00:00,0.8108829102780212,216.95217080103822,0.07991530568245643,1
2026-01-01 05:00:00,0.9254237338825348,208.68385354634975,0.09581561783435166,0
2026-01-01 06:00:00,0.7969027853706915,229.01612087975576,0.04503625965576143,1
2026-01-01 07:00:00,0.8189324961261378,180.6022412733619,0.1414650460414851,1
2026-01-01 08:00:00,0.9651690252453433,195.67120631993367,0.08087996504283734,0
2026-01-01 09:00:00,0.8381144121401246,225.47673964331574,0.09701045287964448,1
2026-01-01 10:00:00,0.8113998132157383,197.87930857420375,0.12964641743987018,1
2026-01-01 11:00:00,0.950991850458575,169.58109479169892,0.09038693766809762,0
2026-01-01 12:00:00,0.8805344157992596,220.9513757350037,0.05179172033582902,0
2026-01-01 13:00:00,0.9092954232892461,248.99482803147433,0.1452763929384589,0
2026-01-01 14:00:00,0.9405285816945557,198.77429101360872,0.08782053616554986,0
2026-01-01 15:00:00,0.8232285056285504,237.4112327468574,0.13570290530705267,1
2026-01-01 16:00:00,0.7868610454631204,132.3870529239309,0.05585466524314188,1
2026-01-01 17:00:00,0.9792489017807587,231.51174830739996,0.14164355033605097,0
2026-01-01 18:00:00,0.8499101329675052,206.4274338460317,0.05452205686124571,1
2026-01-01 19:00:00,0.8354451993872427,220.51477196666056,0.1327852238249156,1
2026-01-01 20:00:00,0.8940565544024285,197.83269009149075,0.12049873923801659,0
2026-01-01 21:00:00,0.8669165078375894,185.45565310022909,0.05363093774861685,0
2026-01-01 22:00:00,0.8135229620924455,166.73359771329478,0.09760479844207764,1
2026-01-01 23:00:00,0.9395543197306233,158.12663413146595,0.03157673621345924,0
2026-01-02 00:00:00,0.8499770022187396,238.37093777334368,0.03034390712067815,1
2026-01-02 01:00:00,0.9704840904708685,164.0565268738368,0.060729925947107855,0
2026-01-02 02:00:00,0.8056522549970712,197.45572710496512,0.010577773758435619,1
2026-01-02 03:00:00,0.9504784188713419,214.75891570287212,0.12372641108893918,0
2026-01-02 04:00:00,0.942914602113703,237.88034804348786,0.08744098519215919,0
2026-01-02 05:00:00,0.9046461886935278,212.69261168318002,0.09258121009694797,0
2026-01-02 06:00:00,0.8242847654550018,147.32410561263816,0.04012739991438939,1
2026-01-02 07:00:00,0.8362687526586007,211.98098535623953,0.13992496663142578,1
2026-01-02 08:00:00,0.9410736139722966,213.7921171503237,0.10343671616321068,0
2026-01-02 09:00:00,0.8947151450056303,221.91267260959538,0.05780672810210919,0
2026-01-02 10:00:00,0.980093196681433,232.34534140217613,0.047955128052436895,0
2026-01-02 11:00:00,0.9077121239044756,204.24449843240325,0.124781697881048,0
2026-01-02 12:00:00,0.9853654060130864,229.9259703928555,0.033696384958757854,0
2026-01-02 13:00:00,0.9220427340757362,159.65035102217857,0.06412711409260385,0
2026-01-02 14:00:00,0.8542675530036266,221.83674567385341,0.053594560836975655,0
2026-01-02 15:00:00,0.9771287598497861,281.9861227293842,0.024798422318579698,0
2026-01-02 16:00:00,0.8279427109417412,206.97948857856426,0.10583042434175904,1
2026-01-02 17:00:00,0.959329990429771,232.4157484964361,0.09467251494087267,0
2026-01-02 18:00:00,0.8593809644336343,242.10703361582273,0.07387107558493698,0
2026-01-02 19:00:00,0.7913746180661485,141.11859285458462,0.07544245993296632,1
2026-01-02 20:00:00,0.9370985208094603,190.40606647476335,0.04415757514563196,0
2026-01-02 21:00:00,0.7524463147805421,190.22040541419938,0.059709277146963405,1
2026-01-02 22:00:00,0.921555363990144,202.58793689072928,0.07913613433512297,0
2026-01-02 23:00:00,0.9631690112598924,235.68128834626657,0.08631499287304753,0
2026-01-03 00:00:00,0.7668301630648499,214.0687827440776,0.07239622401346592,1
2026-01-03 01:00:00,0.947071068443142,228.34237118187275,0.0580192335492536,0
2026-01-03 02:00:00,0.7543952021240066,217.68222345947277,0.0292178150842489,1
2026-01-03 03:00:00,0.9017893890656543,282.0623971976246,0.043786947788728804,0
2026-01-03 04:00:00,0.9341648360960176,255.17600982685033,0.08659364486935961,0
2026-01-03 05:00:00,0.9392999449554711,200.69298652260673,0.051620452127094284,0
2026-01-03 06:00:00,0.8218963067500659,230.10304189516154,0.1281139398929988,1
2026-01-03 07:00:00,0.8545139692045542,262.7574045584873,0.027295523100884282,0
2026-01-03 08:00:00,0.9114907324506272,260.0533826592093,0.11591890883460362,0
2026-01-03 09:00:00,0.9341565879577809,218.59585649756866,0.07483841175982003,0
2026-01-03 10:00:00,0.8318170109503392,185.8442016983645,0.0422307355432163,1
2026-01-03 11:00:00,0.9023270375215573,209.59940485236677,0.06828063448340731,0
2026-01-03 12:00:00,0.94000818918441,217.0642274811048,0.1070212153982711,0
2026-01-03 13:00:00,0.7653931027912404,178.01055673103113,0.13093160166668696,1
2026-01-03 14:00:00,0.8477851068670127,209.95927434258377,0.06641737575352724,1
2026-01-03 15:00:00,0.8600149018723539,221.55589931807387,0.026241130220851443,0
2026-01-03 16:00:00,0.8177063129819013,227.70406438515212,0.10210247886364585,1
2026-01-03 17:00:00,0.8676257295291269,279.4205117511004,0.11829211674152172,0
2026-01-03 18:00:00,0.848947039347948,202.4140362847139,0.13704740899475687,1
2026-01-03 19:00:00,0.9400072449779369,246.71791266694987,0.013475957851493305,0
2026-01-03 20:00:00,0.9278432985430989,227.45090941669082,0.06319037166201671,0
2026-01-03 21:00:00,0.8983853054165142,246.92273835269012,0.11340700152887175,0
2026-01-03 22:00:00,0.8623265796611674,246.6633339383883,0.13533643146255186,0
2026-01-03 23:00:00,0.8444012519021976,205.1589509389068,0.06274037936489267,1
2026-01-04 00:00:00,0.8690238634091432,208.03600642940694,0.047322901142295516,0
2026-01-04 01:00:00,0.8744345350674764,220.17058095875552,0.0957279415736302,0
2026-01-04 02:00:00,0.9449359399139404,175.53528257566825,0.06513774593632407,0
2026-01-04 03:00:00,0.9440618958057604,200.27087360958433,0.13781218716481378,0
2026-01-04 04:00:00,0.8431132201632145,229.65072132094423,0.12999953882030274,1
2026-01-04 05:00:00,0.8276839909002492,164.63534919640756,0.043519277581796835,1
2026-01-04 06:00:00,0.7929347729084397,216.79468414615246,0.028558996766823407,1
2026-01-04 07:00:00,0.8493585619072732,228.7582188119881,0.05042150429621739,1
2026-01-04 08:00:00,0.7632719862365648,232.80681457965295,0.0938548154197711,1
2026-01-04 09:00:00,0.912710717602601,242.86321762741653,0.03342217139865191,0
2026-01-04 10:00:00,0.9159560602347333,188.75292760606823,0.09640460262219652,0
2026-01-04 11:00:00,0.8096347129647834,210.35375027968232,0.07117955182825995,1
2026-01-04 12:00:00,0.9735230587043251,257.2077967506598,0.022860472767431715,0
2026-01-04 13:00:00,0.8054911557385337,263.11551112326663,0.03685812462070006,1
2026-01-04 14:00:00,0.8992436996916967,228.07541202943878,0.09824456697248403,0
2026-01-04 15:00:00,0.7583972723395014,198.94572509029118,0.013479835189714184,1
2026-01-04 16:00:00,0.912219679670449,147.46559488303498,0.0519183241933854,0
2026-01-04 17:00:00,0.9624222681947598,232.62198135490536,0.08146248034096415,0
2026-01-04 18:00:00,0.9260139393339967,177.97641180993446,0.013338304879942302,0
2026-01-04 19:00:00,0.9830461644280619,174.57530366546558,0.10487595407985398,0
2026-01-04 20:00:00,0.9306834887773431,225.05053634674167,0.012111766271450494,0
2026-01-04 21:00:00,0.9509842978840791,264.34803063216077,0.010003518987964826,0
2026-01-04 22:00:00,0.9553488404715658,162.63508772674516,0.14814263510275386,0
2026-01-04 23:00:00,0.9263231298852951,232.58043940679335,0.03737001473135752,0
2026-01-05 00:00:00,0.8364622172437626,241.01892863286963,0.06209002801552626,1
2026-01-05 01:00:00,0.8063976345378007,146.05405416783415,0.04379217357498563,1
2026-01-05 02:00:00,0.9064955114261161,239.30856005053928,0.034829470740227464,0
2026-01-05 03:00:00,0.8623051594644546,244.8893161067765,0.09962443231525975,0
2026-01-05 04:00:00,0.8794085592388199,200.3922063664887,0.14091340577917041,0
2026-01-05 05:00:00,0.8975694182048377,216.86660353429446,0.10489707367412161,0
2026-01-05 06:00:00,0.957270316388896,178.30303982933336,0.06387164496279295,0
2026-01-05 07:00:00,0.8220099984261333,209.63551697110262,0.09659619438827395,1
2026-01-05 08:00:00,0.8760909523994749,245.4991462315626,0.015405221518144451,0
2026-01-05 09:00:00,0.7654732225950528,175.04462791431953,0.0828195762195737,1
2026-01-05 10:00:00,0.9380317668171936,254.86080718281454,0.012087322025650278,0
2026-01-05 11:00:00,0.8334765184723673,193.36196438292447,0.027532752546924763,1
2026-01-05 12:00:00,0.8004707738063718,204.80322404576296,0.06401947348282779,1
2026-01-05 13:00:00,0.9009376355345015,179.79516296220297,0.1439481650986931,0
2026-01-05 14:00:00,0.7718776876455604,253.3983806139573,0.05681273297076283,1
2026-01-05 15:00:00,0.7879042083354443,202.8353122702255,0.058184398251707334,1
2026-01-05 16:00:00,0.8807699377719755,256.41461371219634,0.01877296424090452,0
2026-01-05 17:00:00,0.8452620960298863,194.80958472450672,0.08109781817733207,1
2026-01-05 18:00:00,0.8631635647788904,202.33900782066726,0.06378922823607423,0
2026-01-05 19:00:00,0.973666389387419,154.4219223592401,0.09991559981437499,0
2026-01-05 20:00:00,0.8688134180321536,215.33067329643242,0.1235900765958489,0
2026-01-05 21:00:00,0.9287877246659832,207.0902925060063,0.08954783700263651,0
2026-01-05 22:00:00,0.9809311663251434,205.1149101043228,0.13354027945414512,0
2026-01-05 23:00:00,0.8908819905273261,210.02766523824153,0.04375990074053501,0
2026-01-06 00:00:00,0.9779919052289718,184.4161332108958,0.1110921500597736,0
2026-01-06 01:00:00,0.8611870076770612,162.23197106912832,0.14084643987937107,0
2026-01-06 02:00:00,0.8164951951662849,194.14266697918407,0.0839968010401057,1
2026-01-06 03:00:00,0.8981555868878529,155.44354135230964,0.14143285378616013,0
2026-01-06 04:00:00,0.85805421252788,172.85379668900373,0.030195322242374055,0
2026-01-06 05:00:00,0.7684373608621972,205.19900957069189,0.09541541290904255,1
2026-01-06 06:00:00,0.7567816931446619,259.9522444499485,0.1301587613856969,1
2026-01-06 07:00:00,0.7585316374683363,225.0032100838543,0.04918552183098782,1
2026-01-06 08:00:00,0.9296753053158603,124.89631722229952,0.025350990831503446,0
2026-01-06 09:00:00,0.8223767389167125,211.19090958667266,0.12594479301790798,1
2026-01-06 10:00:00,0.8949922878052268,195.6520719329539,0.03935305379840692,0
2026-01-06 11:00:00,0.9775948985916953,231.5887077214424,0.01064582632596751,0
2026-01-06 12:00:00,0.780725735487674,183.1068117065789,0.022197967694224385,1
2026-01-06 13:00:00,0.8033122186692658,230.58574291896304,0.04317661731243337,1
2026-01-06 14:00:00,0.7950888195636809,211.2993534164602,0.13633830032110733,1
2026-01-06 15:00:00,0.8843347840410539,248.02491226051302,0.09890947733823043,0
2026-01-06 16:00:00,0.9422371903231517,181.46144218446642,0.1405459509935908,0
2026-01-06 17:00:00,0.7774248726881933,223.74410714361704,0.09341917815692768,1
2026-01-06 18:00:00,0.9372161299911874,162.28892230429713,0.08999655995331225,0
2026-01-06 19:00:00,0.9684337715619278,221.07620094132426,0.08503656138372163,0
2026-01-06 20:00:00,0.7890890734000108,181.5984534927439,0.04699664892870863,1
2026-01-06 21:00:00,0.8623342444828067,178.78267343804094,0.08460305693450094,0
2026-01-06 22:00:00,0.8251906963635481,228.46771349609102,0.09361737495564944,1
2026-01-06 23:00:00,0.7535098189002498,230.52044757308602,0.05009462156803219,1
2026-01-07 00:00:00,0.7793233706066174,196.33229404501782,0.02358854253869533,1
2026-01-07 01:00:00,0.8082271399631444,240.04063130034191,0.01885290286721479,1
2026-01-07 02:00:00,0.8961868772632836,182.92280863378525,0.06303977286268461,0
2026-01-07 03:00:00,0.9784333561690487,196.81041424191187,0.01846275443523631,0
2026-01-07 04:00:00,0.857371555907358,191.3027671032096,0.039349252751558504,0
2026-01-07 05:00:00,0.9865786351272561,209.74326312937478,0.1011257158404334,0
2026-01-07 06:00:00,0.9569008279288891,223.04726232652516,0.05911861027413291,0
2026-01-07 07:00:00,0.8823416350116158,213.94333144199342,0.05071169710550863,0
2026-01-07 08:00:00,0.9021007908478659,216.4350616394991,0.03331689618407316,0
2026-01-07 09:00:00,0.9589348290878812,278.05939466237305,0.06624483621937592,0
2026-01-07 10:00:00,0.8392667390607473,237.16918683301802,0.031152396956267585,1
2026-01-07 11:00:00,0.8724587310868436,209.60263436650374,0.13284698506886677,0
2026-01-07 12:00:00,0.7817873677810743,199.93555032168382,0.01807870923982384,1
2026-01-07 13:00:00,0.9156101297387533,160.3219768315983,0.015230000245289838,0
2026-01-07 14:00:00,0.8803434735027565,248.77403184859378,0.11817942360929691,0
2026-01-07 15:00:00,0.8185532416053993,209.33591810578253,0.023688352261659752,1
2026-01-07 16:00:00,0.9345579145425716,232.17292136888568,0.13225016249915664,0
2026-01-07 17:00:00,0.7720533067466429,246.92181900910006,0.012442076689884484,1
2026-01-07 18:00:00,0.7575197636705724,205.2500661385154,0.034892045819829874,1
2026-01-07 19:00:00,0.9369077109958206,177.91848113445752,0.058163954193601194,0
2026-01-07 20:00:00,0.9875702392999701,189.1946435966238,0.0925559656644311,0
2026-01-07 21:00:00,0.9086184441526604,172.55281158631132,0.07128406320676044,0
2026-01-07 22:00:00,0.973611800456741,174.46003940598104,0.08248998983137056,0
2026-01-07 23:00:00,0.81519652862524,202.3165846699817,0.09440295348824901,1
2026-01-08 00:00:00,0.8342103747601863,225.15068191422728,0.031222210951670583,1
2026-01-08 01:00:00,0.92178575619583,202.6246786406022,0.14178548650095588,0
2026-01-08 02:00:00,0.9149933687636382,221.4987326002203,0.022140903602901087,0
2026-01-08 03:00:00,0.8679132199933545,250.55352124331048,0.05779257695797742,0
2026-01-08 04:00:00,0.7986134200049192,165.4845485470236,0.09255818975391378,1
2026-01-08 05:00:00,0.8588797216184184,226.19906585824162,0.04126593447345518,0
2026-01-08 06:00:00,0.8347228928670767,225.4278251249677,0.12901660581334626,1
2026-01-08 07:00:00,0.7745429772613648,213.95036016929356,0.10352102918187722,1
2026-01-08 08:00:00,0.9853130219450195,210.33899337221158,0.08991744364254063,0
2026-01-08 09:00:00,0.8804916003390554,245.79435693730952,0.07246466211964335,0
2026-01-08 10:00:00,0.8720567528017418,189.32411799408743,0.0863605001858614,0
2026-01-08 11:00:00,0.7916418515456213,238.09807403085648,0.12644322989887405,1
2026-01-08 12:00:00,0.8907547901876256,164.25373586262415,0.08758760366813238,0
2026-01-08 13:00:00,0.9824517144990423,238.20075531567468,0.11674244677749138,0
2026-01-08 14:00:00,0.8956932420947588,210.14564520518203,0.03324418432740128,0
2026-01-08 15:00:00,0.866512616740883,222.80110837152142,0.14902516538022756,0
2026-01-08 16:00:00,0.8493743869248391,172.60670240010032,0.03601427117969154,1
2026-01-08 17:00:00,0.9315400785867787,217.42206063815706,0.14836883475590798,0
2026-01-08 18:00:00,0.758783371430361,225.08650322786414,0.05951179980926716,1
2026-01-08 19:00:00,0.9327490519618513,268.74813450369385,0.11337318842650537,0
2026-01-08 20:00:00,0.7907482629812899,224.00561854810073,0.0692530927455961,1
2026-01-08 21:00:00,0.7787175586027051,238.8392396885297,0.08644126935171863,1
2026-01-08 22:00:00,0.919629367030341,231.94465551457776,0.0618848421599831,0
2026-01-08 23:00:00,0.8053721378040826,236.2679910467779,0.12489863777324836,1
2026-01-09 00:00:00,0.9131987906122371,229.95302755662823,0.05484379838032274,0
2026-01-09 01:00:00,0.7841018252748894,212.0902344824334,0.1284911625207495,1
2026-01-09 02:00:00,0.8126500964777159,160.46810775944206,0.10043656983052965,1
2026-01-09 03:00:00,0.7693292892470394,211.2731147980388,0.1470964057748138,1
2026-01-09 04:00:00,0.8045097237296461,194.9077486934218,0.12630314179652144,1
2026-01-09 05:00:00,0.9295229351391181,181.29629930126964,0.14412074437201414,0
2026-01-09 06:00:00,0.7891675658955167,211.48013602653603,0.1374113486237814,1
2026-01-09 07:00:00,0.7838392379563852,208.30977484072267,0.061026560014093456,1
2026-01-09 08:00:00,0.901512633056563,224.8516762303206,0.08586308399419779,0
2026-01-09 09:00:00,0.9445689523867463,225.64503859012888,0.11764930681253405,0
2026-01-09 10:00:00,0.9486234042432126,247.79744564356122,0.1046596174609893,0
2026-01-09 11:00:00,0.7641721083019701,196.64288406236602,0.10535010206654721,1
2026-01-09 12:00:00,0.9088846880390535,185.94010157055595,0.08990249615631596,0
2026-01-09 13:00:00,0.8258885148525842,160.8835588921113,0.0661161252281146,1
2026-01-09 14:00:00,0.8071894391592337,217.5021670096857,0.10259031046155366,1
2026-01-09 15:00:00,0.9661053050236097,211.17690130668876,0.12383629651568266,0
2026-01-09 16:00:00,0.9884812520989927,199.26413198243858,0.13455749918702262,0
2026-01-09 17:00:00,0.9635279817036715,216.77281541348916,0.06980872014267935,0
2026-01-09 18:00:00,0.9707208017108895,185.75195460860115,0.08697475749130727,0
2026-01-09 19:00:00,0.905385009334789,233.197946033854,0.06653691425744691,0
2026-01-09 20:00:00,0.761849454221816,209.65121497159438,0.12084269756629816,1
2026-01-09 21:00:00,0.9232513058928815,230.873163546476,0.031800342852072117,0
2026-01-09 22:00:00,0.8266000412028554,221.89267842696822,0.03974978839556637,1
2026-01-09 23:00:00,0.8109949170505915,213.8258237503532,0.03266369349426401,1
2026-01-10 00:00:00,0.907555100800417,278.1692438380477,0.06829280657112492,0
2026-01-10 01:00:00,0.8127127888099824,212.38714570152092,0.06295409763469167,1
2026-01-10 02:00:00,0.8949755160350804,190.80026666301222,0.14665626565741569,0
2026-01-10 03:00:00,0.7655039460365914,179.58497799366845,0.1019524965916015,1
2026-01-10 04:00:00,0.9701148773631092,239.30161760855464,0.021533734150296753,0
2026-01-10 05:00:00,0.771982955792319,252.77466033914885,0.05031299586057855,1
2026-01-10 06:00:00,0.8925430105804146,253.67566045058243,0.12190476546239516,0
2026-01-10 07:00:00,0.9511867693678637,229.3734006780822,0.12979029737638403,0
2026-01-10 08:00:00,0.9578776155741477,159.67963224144955,0.06527590109206854,0
2026-01-10 09:00:00,0.7611879146973519,206.09926307706348,0.11251921188774376,1
2026-01-10 10:00:00,0.8071844999671997,218.41132499439732,0.03797625777099757,1
2026-01-10 11:00:00,0.8629302001774354,228.08763053661605,0.10243242316759972,0
2026-01-10 12:00:00,0.9789737535822349,254.73421871957362,0.08197645389093657,0
2026-01-10 13:00:00,0.8636529674612047,178.5036273459488,0.028496137435233847,0
2026-01-10 14:00:00,0.8967788145575897,248.35786644465344,0.10876964260584882,0
2026-01-10 15:00:00,0.8476252751825477,213.8844033563552,0.1035003894520837,1
2026-01-10 16:00:00,0.7928286856405461,162.68175209121296,0.1217389654960458,1
2026-01-10 17:00:00,0.957788181544267,225.28060539636166,0.0383048212582937,0
2026-01-10 18:00:00,0.7593157503757461,211.56233108317255,0.13681749660169362,1
2026-01-10 19:00:00,0.7909305872665979,164.94565690406648,0.12548922691305384,1
2026-01-10 20:00:00,0.7820587590020557,159.4516215201707,0.12584347778842783,1
2026-01-10 21:00:00,0.9199223041106845,209.87829658185154,0.0739609757828999,0
2026-01-10 22:00:00,0.9886099028800511,184.96141836262134,0.09375987015553673,0
2026-01-10 23:00:00,0.9491790499312454,269.3702253909082,0.1447358605098393,0
2026-01-11 00:00:00,0.9028755599685825,176.480251254096,0.049756686883323124,0
2026-01-11 01:00:00,0.7782005667916673,233.37525328892698,0.08013710025765523,1
2026-01-11 02:00:00,0.7950138482676062,242.84313732892903,0.05093047086589957,1
2026-01-11 03:00:00,0.7944937843164044,227.63749209045986,0.06360625747895403,1
2026-01-11 04:00:00,0.7593524919718265,214.82252291946642,0.14385144506251413,1
2026-01-11 05:00:00,0.8388635635720681,205.97855734650284,0.1121769595042454,1
2026-01-11 06:00:00,0.8835394590908783,180.30875849175212,0.029231587607247866,0
2026-01-11 07:00:00,0.9757546551153597,238.03523546579754,0.0351272527928632,0
2026-01-11 08:00:00,0.9254493309731657,229.38844782268504,0.02771679934971963,0
2026-01-11 09:00:00,0.9347572516150766,182.25718628322525,0.02727566869514917,0
2026-01-11 10:00:00,0.7920070555199213,211.56769376601216,0.10615494307482179,1
2026-01-11 11:00:00,0.9465134059366338,177.95956299034555,0.14119808953734647,0
2026-01-11 12:00:00,0.8438101582390106,191.91878666973736,0.06584610298426985,1
2026-01-11 13:00:00,0.8927816853216173,231.15856524054288,0.1097902942938217,0
2026-01-11 14:00:00,0.8797093307233855,199.90793666076863,0.12446525574427704,0
2026-01-11 15:00:00,0.8993879085378321,151.91133500746074,0.1334373330111352,0
2026-01-11 16:00:00,0.8902824368582127,228.36726139945375,0.09806994278688043,0
2026-01-11 17:00:00,0.9701408724682143,206.75007401489555,0.011615583808477655,0
2026-01-11 18:00:00,0.7682160585927409,169.53222649130748,0.12327246174937155,1
2026-01-11 19:00:00,0.902097878210976,211.74580890804472,0.07487932684951011,0
2026-01-11 20:00:00,0.7777420794596275,187.97033288777774,0.10354027411507484,1
2026-01-11 21:00:00,0.8610983864780497,249.04876171640853,0.14467648012930298,0
2026-01-11 22:00:00,0.8808565395680777,197.5809157373291,0.02230970805935207,0
2026-01-11 23:00:00,0.9321939586633798,199.64718310570652,0.0568939520367951,0
2026-01-12 00:00:00,0.7795421489531491,206.19933356413344,0.08665634378490596,1
2026-01-12 01:00:00,0.7622641007599944,205.1506759194787,0.1476870953712649,1
2026-01-12 02:00:00,0.8472296084198042,190.16128987982074,0.017738987031972304,1
2026-01-12 03:00:00,0.9307382440572287,244.56579699331203,0.12894049057848253,0
2026-01-12 04:00:00,0.8634903178283364,213.755778947029,0.09042677318387947,0
2026-01-12 05:00:00,0.8546456526963514,252.6424601102746,0.11222493152536701,0
2026-01-12 06:00:00,0.8407377855344708,174.52299119794344,0.10919404301356425,1
2026-01-12 07:00:00,0.852137356774916,186.086557220857,0.02744660836095058,0
2026-01-12 08:00:00,0.8959965868578899,205.5946637203082,0.1365869536382482,0
2026-01-12 09:00:00,0.7572040921882457,267.19737180045996,0.07432255317932386,1
2026-01-12 10:00:00,0.9686068832550885,183.24786199659903,0.09217496808217472,0
2026-01-12 11:00:00,0.9368455381202829,215.02185873088692,0.09216266907408911,0
2026-01-12 12:00:00,0.9021514128302,217.52592866045347,0.12861390205027715,0
2026-01-12 13:00:00,0.7612828555815704,159.85537102352498,0.07079467885297185,1
2026-01-12 14:00:00,0.9221213014583998,213.4785282176467,0.10449525706936816,0
2026-01-12 15:00:00,0.97263041262021,210.76637466920292,0.047126506270380716,0
2026-01-12 16:00:00,0.9117039040839435,270.59429783984945,0.014758762971841873,0
2026-01-12 17:00:00,0.8994825601301712,151.01918083755388,0.06483856407604266,0
2026-01-12 18:00:00,0.9115571429612433,221.22025608418807,0.0537550011837007,0
2026-01-12 19:00:00,0.9120456078568038,221.74496725782004,0.07485095421695023,0
2026-01-12 20:00:00,0.9607725510353822,232.29726429462133,0.12116064136955262,0
2026-01-12 21:00:00,0.9254658579404293,245.27267088922463,0.012066564530090407,0
2026-01-12 22:00:00,0.8250489459592798,228.387490459342,0.06967992870846745,1
2026-01-12 23:00:00,0.7853480057412887,204.13788022775537,0.029436140225178577,1
2026-01-13 00:00:00,0.874263841516152,195.20388332906887,0.010447152717136515,0
2026-01-13 01:00:00,0.828863941463106,220.74460127613938,0.018325868100547697,1
2026-01-13 02:00:00,0.8039351252017093,215.55098310936063,0.1493670531874371,1
2026-01-13 03:00:00,0.8510918624065975,254.30925631913257,0.03922196441590835,0
2026-01-13 04:00:00,0.8848493121766705,226.56880037530377,0.022494429954136096,0
2026-01-13 05:00:00,0.9609490831946539,236.57595455789019,0.01894729076554509,0
2026-01-13 06:00:00,0.988764732800926,256.1984114284618,0.13925977021376626,0
2026-01-13 07:00:00,0.9206050924291768,206.19900597648038,0.10200350070860552,0
2026-01-13 08:00:00,0.9439061420961798,195.3822217307222,0.057976709292163406,0
2026-01-13 09:00:00,0.7706260724597969,239.40689502832737,0.04171624778553604,1
2026-01-13 10:00:00,0.9079639572667041,246.02288586977176,0.13913333552103244,0
2026-01-13 11:00:00,0.9199975283063407,219.01273776637785,0.11315512405725602,0
2026-01-13 12:00:00,0.8720262153800873,241.68975333476968,0.06458254735819845,0
2026-01-13 13:00:00,0.9035707712416724,246.68049622310068,0.08757962275603336,0
2026-01-13 14:00:00,0.8023092744958071,183.1428678051472,0.05560723135050435,1
2026-01-13 15:00:00,0.7767140385033561,235.50119253927863,0.14454625309488567,1
2026-01-13 16:00:00,0.8059261839769861,198.03913957330292,0.013761632443451268,1
2026-01-13 17:00:00,0.7546902082079446,176.6451085671617,0.09141469595144411,1
2026-01-13 18:00:00,0.8911516555329569,185.83122668608848,0.1367280143900184,0
2026-01-13 19:00:00,0.7973254626061149,242.88384289477204,0.018678963694881864,1
2026-01-13 20:00:00,0.7859967914784148,219.03379280940052,0.09878589037654063,1
2026-01-13 21:00:00,0.8844719971589683,216.94266492720146,0.11838511342253538,0
2026-01-13 22:00:00,0.7917266883951178,249.69321962169005,0.041126190285975875,1
2026-01-13 23:00:00,0.7751464940583114,196.78090848165292,0.13685219417350103,1
2026-01-14 00:00:00,0.9548697274439237,155.58459302802407,0.019654909046812365,0
2026-01-14 01:00:00,0.8636930973392395,222.5541878185403,0.04139910611633921,0
2026-01-14 02:00:00,0.8931658182410753,234.60062278340973,0.04324028080455738,0
2026-01-14 03:00:00,0.8144577744160233,200.212942228498,0.1067247340451757,1
2026-01-14 04:00:00,0.9651788571349238,208.14593539226865,0.04152849502310967,0
2026-01-14 05:00:00,0.816884978741075,259.8409467169752,0.11339745216271321,1
2026-01-14 06:00:00,0.7646900897421239,219.62669642615194,0.05101470954929358,1
2026-01-14 07:00:00,0.87538671914376,194.548324712767,0.12837562442000716,0
2026-01-14 08:00:00,0.9571457957313989,248.21982118560788,0.042363330960646726,0
2026-01-14 09:00:00,0.7508933898021575,246.8818140220198,0.1425756556349856,1
2026-01-14 10:00:00,0.7661322396026783,207.96239104897575,0.05033897271162235,1
2026-01-14 11:00:00,0.7872474952573089,206.1961969842286,0.021272594363254523,1
2026-01-14 12:00:00,0.7625384372210507,191.97707114095041,0.041632844088572776,1
2026-01-14 13:00:00,0.8057498634980026,188.15925434433217,0.012069855608564243,1
2026-01-14 14:00:00,0.7602045201454681,214.83186390471155,0.12472982295777335,1
2026-01-14 15:00:00,0.8519316962504885,221.51405269808342,0.10229354752368613,0
2026-01-14 16:00:00,0.9604732550033459,266.46414466600095,0.03529328046653474,0
2026-01-14 17:00:00,0.7833346249473465,192.457246766509,0.02343956552269158,1
2026-01-14 18:00:00,0.9363065435799436,160.01643298067805,0.10478616963950806,0
2026-01-14 19:00:00,0.9809912153266804,202.25095081088537,0.07197886085979434,0
2026-01-14 20:00:00,0.9249727146293134,258.24975441265633,0.11665224487787261,0
2026-01-14 21:00:00,0.9220460962273657,185.52032913391736,0.06374459188085355,0
2026-01-14 22:00:00,0.8589390968128612,186.66292046982124,0.0833149649462501,0
2026-01-14 23:00:00,0.925850095585516,215.44447451110594,0.14642664539396522,0
2026-01-15 00:00:00,0.896784364897094,261.50181871582646,0.1127519694977073,0
2026-01-15 01:00:00,0.9405199227451917,259.41833408365875,0.1493879216310013,0
2026-01-15 02:00:00,0.820737217382965,205.1935166407827,0.07738101926722502,1
2026-01-15 03:00:00,0.8920124243569929,209.13914725118093,0.11877962568358805,0
2026-01-15 04:00:00,0.7514870929230684,246.0060255322178,0.053576401299443986,1
2026-01-15 05:00:00,0.7911072149142903,228.20314952037327,0.09943462580961307,1
2026-01-15 06:00:00,0.9240327003920056,197.26859838467988,0.10851213683826935,0
2026-01-15 07:00:00,0.8516917895514478,204.55109372405894,0.05469128116935821,0
2026-01-15 08:00:00,0.9825326795015975,234.53476741493398,0.02862546588141849,0
2026-01-15 09:00:00,0.7990354617306665,208.75822915609126,0.04826569196245352,1
2026-01-15 10:00:00,0.7887587031341321,269.8447913333643,0.07424265383868926,1
2026-01-15 11:00:00,0.9479784434330911,187.2596136852811,0.022557420884664205,0
2026-01-15 12:00:00,0.7545181557369621,239.2958267539488,0.03231003012303716,1
2026-01-15 13:00:00,0.9244735170006326,185.45200205175283,0.06656063686093582,0
2026-01-15 14:00:00,0.8569096146968194,217.9864821772212,0.01891146430153662,0
2026-01-15 15:00:00,0.784561167994108,234.30227903304078,0.06069784565158499,1
2026-01-15 16:00:00,0.8529456048792692,224.86431315221287,0.12394251845410013,0
2026-01-15 17:00:00,0.8535940046122557,228.85119283194095,0.11495948101964024,0
2026-01-15 18:00:00,0.8565954284097472,226.78324782859224,0.13397331983684238,0
2026-01-15 19:00:00,0.798067219726573,236.8093594319514,0.07503761301727464,1
2026-01-15 20:00:00,0.7884288619087713,190.7824142209393,0.045019812690239115,1
2026-01-15 21:00:00,0.8869403629816913,181.04033087839161,0.045995761643467,0
2026-01-15 22:00:00,0.8390731215457252,202.3650613475651,0.12384038250518734,1
2026-01-15 23:00:00,0.8858220997561408,221.66286425805498,0.09834975843280769,0
2026-01-16 00:00:00,0.8721314822400327,202.43423308491992,0.032378818863590245,0
2026-01-16 01:00:00,0.7559208370184686,254.54028333402826,0.11003330937959438,1
2026-01-16 02:00:00,0.8303903047596272,249.18295822507724,0.07073762716549489,1
2026-01-16 03:00:00,0.8591476335170066,211.25832441553123,0.06342998210781749,0
2026-01-16 04:00:00,0.9386693247682513,197.6270927637733,0.1372732901504341,0
2026-01-16 05:00:00,0.9107001936963354,250.50916199167156,0.1443327324152942,0
2026-01-16 06:00:00,0.9418665534590656,249.248301388693,0.014417056339814105,0
2026-01-16 07:00:00,0.9168930363190233,253.3373520645706,0.12468711513559483,0
2026-01-16 08:00:00,0.8911068974176071,197.2754940637431,0.0382460229639388,0
2026-01-16 09:00:00,0.8751461894275381,258.7874794515337,0.029012281599943436,0
2026-01-16 10:00:00,0.8497467552461773,214.52990744484032,0.0768322567216424,1
2026-01-16 11:00:00,0.7736384675184009,186.5681000122076,0.07570445745051171,1
2026-01-16 12:00:00,0.8038060678705318,232.78957987190475,0.047598002056356135,1
2026-01-16 13:00:00,0.8134950642901381,250.95659149427215,0.1414494595604495,1
2026-01-16 14:00:00,0.8525045899427324,194.17038415285165,0.023378291234420236,0
2026-01-16 15:00:00,0.9842792188632612,206.95751639382772,0.013598351467009868,0
2026-01-16 16:00:00,0.8269860488163882,232.99141533235473,0.14309822717639215,1
2026-01-16 17:00:00,0.7907036384737941,175.824901205354,0.08605402626014058,1
2026-01-16 18:00:00,0.8266199238872711,127.92497349208598,0.11557791316733966,1
2026-01-16 19:00:00,0.8258167533298446,204.51316596487084,0.06672664705372396,1
2026-01-16 20:00:00,0.8023694407188605,194.90746386861568,0.10534586924246023,1
2026-01-16 21:00:00,0.9471233653752367,225.52777450325135,0.1414634834650835,0
2026-01-16 22:00:00,0.7512182104421795,209.28723307639424,0.09050760490940489,1
2026-01-16 23:00:00,0.8413448582049163,243.10047331934857,0.06864205394320794,1
2026-01-17 00:00:00,0.9770958058446304,242.84218376794962,0.053484040720825986,0
2026-01-17 01:00:00,0.8271328968098113,219.34700151393955,0.09255701219112442,1
2026-01-17 02:00:00,0.84713055856662,283.1434287705426,0.09498431918858029,1
2026-01-17 03:00:00,0.8378260451659109,189.94535457202056,0.1474515116533575,1
2026-01-17 04:00:00,0.9171259204533234,246.47787603875875,0.07661384383763935,0
2026-01-17 05:00:00,0.904713645637357,242.39205802811,0.0957121802745342,0
2026-01-17 06:00:00,0.7532133664242601,155.8886802570325,0.11538768727251948,1
2026-01-17 07:00:00,0.9278032070195598,200.26222108943338,0.011440819005502518,0
2026-01-17 08:00:00,0.816504274565984,208.03067033105754,0.017273016842519716,1
2026-01-17 09:00:00,0.9246308878381959,213.71524163068548,0.09175226624591215,0
2026-01-17 10:00:00,0.7647072825078092,223.3452635297044,0.07245564048440761,1
2026-01-17 11:00:00,0.9528655588228419,244.89530721807674,0.011312077772700168,0
2026-01-17 12:00:00,0.8102777747151387,189.84787433736332,0.12497690931711283,1
2026-01-17 13:00:00,0.8469705692471381,212.78909536075375,0.07083663611196911,1
2026-01-17 14:00:00,0.8437469582608708,236.29495095943125,0.13545431259629592,1
2026-01-17 15:00:00,0.7888398411998797,181.06332011498793,0.13013285275689204,1
2026-01-17 16:00:00,0.9795595290223116,193.91240839280027,0.05497254084690195,0
2026-01-17 17:00:00,0.8047597082706494,189.3795799725554,0.046261962433272144,1
2026-01-17 18:00:00,0.8630765558567889,175.48723682238221,0.03317303068896735,0
2026-01-17 19:00:00,0.9841811191370676,159.32579975193673,0.029587974383921377,0
2026-01-17 20:00:00,0.8324829008907786,255.0350180379411,0.10446339529521732,1
2026-01-17 21:00:00,0.9606702766541274,183.4415169801002,0.13430527847716478,0
2026-01-17 22:00:00,0.7885156603913498,223.7822239570756,0.06302473964225506,1
2026-01-17 23:00:00,0.9627450872429785,205.19798102630855,0.07168079169625524,0
2026-01-18 00:00:00,0.805723857761854,187.98812708355032,0.13856489116893353,1
2026-01-18 01:00:00,0.8989125866365603,182.4165814028774,0.11795778627842501,0
2026-01-18 02:00:00,0.8850358466357241,193.74568331968513,0.04213919619769729,0
2026-01-18 03:00:00,0.7815172188500341,209.82975968147443,0.06835588905507572,1
2026-01-18 04:00:00,0.841450199155846,202.4211414720359,0.13720921826101043,1
2026-01-18 05:00:00,0.9883404593762986,167.5699040357095,0.09759743734371604,0
2026-01-18 06:00:00,0.9575732718562497,214.6179429122509,0.06506530534022743,0
2026-01-18 07:00:00,0.8828399118218782,185.0347051246333,0.13479714193360956,0
2026-01-18 08:00:00,0.9796088867797816,292.1003951594609,0.1042890087215648,0
2026-01-18 09:00:00,0.8999881960968275,171.95775530767094,0.059746702540986116,0
2026-01-18 10:00:00,0.9577731448671504,270.476741946513,0.07607427601215641,0
2026-01-18 11:00:00,0.9612370342910018,233.208750787259,0.07668098397835456,0
2026-01-18 12:00:00,0.8430920962126346,198.7456115355758,0.08805792663914351,1
2026-01-18 13:00:00,0.8640122850683467,220.59983834323492,0.11654878310207135,0
2026-01-18 14:00:00,0.7830448827317373,158.85855072121223,0.08031321513924038,1
2026-01-18 15:00:00,0.9715743815693091,180.17650246913772,0.05995446859968169,0
2026-01-18 16:00:00,0.8328981242950587,191.2184091298813,0.0727874648632894,1
2026-01-18 17:00:00,0.7692253048291974,251.0849825124887,0.09409724726814699,1
2026-01-18 18:00:00,0.9129313429421861,209.48229874980873,0.10883556785492876,0
2026-01-18 19:00:00,0.781717204680282,256.2954376139869,0.0930646214802532,1
2026-01-18 20:00:00,0.7547311904502273,186.69537423369553,0.09859942764776491,1
2026-01-18 21:00:00,0.9834815282610292,233.80394922298046,0.12103624200366511,0
2026-01-18 22:00:00,0.8416553745737447,173.36755817722866,0.021766036497944025,1
2026-01-18 23:00:00,0.976122003206155,185.8276582339767,0.1435875696832199,0
2026-01-19 00:00:00,0.8112916788870735,222.9887894171124,0.11624448491114588,1
2026-01-19 01:00:00,0.882733116761981,250.2128687609232,0.04232544175701913,0
2026-01-19 02:00:00,0.7866510010309667,219.42143507155086,0.07560858714188752,1
2026-01-19 03:00:00,0.8965566256507884,234.79657587786178,0.09875223692751182,0
2026-01-19 04:00:00,0.9677202502694426,187.40426229129977,0.055977556830164234,0
2026-01-19 05:00:00,0.8401200360665104,200.35813503998838,0.027989819968355395,1
2026-01-19 06:00:00,0.9228862862433272,241.43578244659003,0.071214771917788,0
2026-01-19 07:00:00,0.9575408104767289,204.39974851208302,0.04659249140362245,0
2026-01-19 08:00:00,0.9395587723449921,234.96980083746485,0.07793851288306732,0
2026-01-19 09:00:00,0.8345013678121698,224.13468284098283,0.08598253146727643,1
2026-01-19 10:00:00,0.8158609753376742,205.16053595025153,0.060211545389452906,1
2026-01-19 11:00:00,0.9224862811761299,227.2729258681429,0.12230131222684952,0
2026-01-19 12:00:00,0.7959286859443794,281.40724385230095,0.0740029716302319,1
2026-01-19 13:00:00,0.9358740036407168,232.02170018986067,0.1427594072082404,0
2026-01-19 14:00:00,0.8438061341229873,229.594633517999,0.08287872255404852,1
2026-01-19 15:00:00,0.8034118195894434,224.6042060983828,0.06543263059314113,1
2026-01-19 16:00:00,0.9273971676796164,224.2255641534182,0.11189466093908004,0
2026-01-19 17:00:00,0.8679392406383245,188.54218473546433,0.057176611926425126,0
2026-01-19 18:00:00,0.8532672188917784,245.94958196670603,0.11369064197507636,0
2026-01-19 19:00:00,0.9617644670123535,267.3869740618599,0.11656830434090859,0
2026-01-19 20:00:00,0.9080166709063318,157.34825241036094,0.061488693843151705,0
2026-01-19 21:00:00,0.794048970505942,223.04046539914614,0.14141572724356397,1
2026-01-19 22:00:00,0.9704241249050772,170.72513244208506,0.1080245857212099,0
2026-01-19 23:00:00,0.9654370637079186,181.68179773972219,0.039079488656547444,0
2026-01-20 00:00:00,0.9284008153768577,242.81147015300695,0.0756202728659726,0
2026-01-20 01:00:00,0.9049387567324098,215.53282488899237,0.04696301359633206,0
2026-01-20 02:00:00,0.7972607226634589,180.55944094027214,0.12174040456699088,1
2026-01-20 03:00:00,0.9308364956056372,241.11437640669493,0.11350596539884354,0
2026-01-20 04:00:00,0.968181884937632,214.39530926204517,0.07658365173356252,0
2026-01-20 05:00:00,0.809368073254782,211.80816200965225,0.06465877033600484,1
2026-01-20 06:00:00,0.8172259524319584,213.11445666274335,0.1393197568994704,1
2026-01-20 07:00:00,0.8373296133759035,207.02938871565118,0.1338318556565185,1
2026-01-20 08:00:00,0.8698517023472846,198.00037338545312,0.06147955627301997,0
2026-01-20 09:00:00,0.9429279774602298,200.98108895040048,0.1328177860372703,0
2026-01-20 10:00:00,0.9095938013547085,146.08797572065896,0.07464616088157032,0
2026-01-20 11:00:00,0.7790433096487491,242.56227100006788,0.06226036704327672,1
2026-01-20 12:00:00,0.8181499555985211,233.33903250855832,0.10011965308961755,1
2026-01-20 13:00:00,0.88247035641866,216.8509287652396,0.0651114083993663,0
2026-01-20 14:00:00,0.8970854332267181,226.32526393368101,0.04136083193334799,0
2026-01-20 15:00:00,0.9619072579083104,201.60045540134496,0.060488978434850266,0
2026-01-20 16:00:00,0.9184640723167514,155.33511908809405,0.11316061391010153,0
2026-01-20 17:00:00,0.8617794224645451,253.19320839876224,0.1375714980199356,0
2026-01-20 18:00:00,0.7520695024996243,233.0108810161479,0.06975032064208796,1
2026-01-20 19:00:00,0.8344280258481918,195.23944322874075,0.13049830281503583,1
2026-01-20 20:00:00,0.7652096577333988,166.67353127402686,0.06442941588791146,1
2026-01-20 21:00:00,0.9292986008010126,235.14598288593336,0.07363982730950601,0
2026-01-20 22:00:00,0.9321240892295057,195.49593296258442,0.028412693839950376,0
2026-01-20 23:00:00,0.8149432012485577,223.17127825390656,0.04499260368274041,1
2026-01-21 00:00:00,0.7905090096839426,233.5454306900104,0.05667407460674882,1
2026-01-21 01:00:00,0.9689514790276761,253.95592386342355,0.07271977788493338,0
2026-01-21 02:00:00,0.9769548993966188,201.98236582391803,0.08998328576853726,0
2026-01-21 03:00:00,0.8440044459509269,266.6558782870572,0.07448425680374969,1
2026-01-21 04:00:00,0.8244005556093087,222.4107672436282,0.11589775964752648,1
2026-01-21 05:00:00,0.9708082863881897,219.62556948358178,0.14271292676124342,0
2026-01-21 06:00:00,0.7548007580245385,195.08703126617877,0.13752669057792602,1
2026-01-21 07:00:00,0.9821244344509397,124.48452345902467,0.11078330476203646,0
2026-01-21 08:00:00,0.8883948213388049,194.17666833611747,0.10376063991890792,0
2026-01-21 09:00:00,0.770906944710702,193.08617177641992,0.06462100653600233,1
2026-01-21 10:00:00,0.9788859763470545,228.4061806224475,0.11997160469783659,0
2026-01-21 11:00:00,0.852313453147443,232.71123093395485,0.09220909057509999,0
2026-01-21 12:00:00,0.8793059111039896,197.204216512956,0.08066735307505934,0
2026-01-21 13:00:00,0.9119245212161422,273.29103438403246,0.08565386082144483,0
2026-01-21 14:00:00,0.8712972301060012,266.5023869769516,0.11872585980133667,0
2026-01-21 15:00:00,0.9641963354029978,206.38743086812863,0.0272055518951071,0
2026-01-21 16:00:00,0.9327943295220926,264.71617753859016,0.12498672317457746,0
2026-01-21 17:00:00,0.7924455970003031,215.7674468458867,0.011730353663269305,1
2026-01-21 18:00:00,0.8394927833478975,178.95486275859253,0.14870305581017057,1
2026-01-21 19:00:00,0.8818096149233589,264.19218042938553,0.01981301578851833,0
2026-01-21 20:00:00,0.9094279491814594,256.6281179715796,0.025490106047365558,0
2026-01-21 21:00:00,0.8247149895473868,206.46624960945584,0.015373530149660381,1
2026-01-21 22:00:00,0.8457790537089973,216.10719980823563,0.050071234763796046,1
2026-01-21 23:00:00,0.9375155632074935,254.60159850217434,0.12705078896796274,0
2026-01-22 00:00:00,0.7539404191236643,224.43643758748453,0.024118451189882165,1
2026-01-22 01:00:00,0.9430971675046975,240.63488069741834,0.14935262524912973,0
2026-01-22 02:00:00,0.7838636984723173,240.7471597088765,0.06849243857818135,1
2026-01-22 03:00:00,0.8949116580324823,205.89629418432472,0.12558611516914175,0
2026-01-22 04:00:00,0.8111311269185895,204.97901888655093,0.052756571690064924,1
2026-01-22 05:00:00,0.9048901220485204,241.82565559752203,0.09406260846401256,0
2026-01-22 06:00:00,0.8074752018079162,225.0584147981987,0.10142914305012765,1
2026-01-22 07:00:00,0.8766769804585677,195.28271063506918,0.11017737521034257,0
2026-01-22 08:00:00,0.8890857287456715,205.4994323910544,0.020625070309139605,0
2026-01-22 09:00:00,0.9759830363672326,214.53846411852422,0.1131606766399209,0
2026-01-22 10:00:00,0.9237965563606326,216.66178944206936,0.06739178981753398,0
2026-01-22 11:00:00,0.9153122291258553,175.67368872750907,0.08083074708409514,0
2026-01-22 12:00:00,0.7781607448249552,197.11854457201554,0.08348868565162537,1
2026-01-22 13:00:00,0.9556035490192482,231.59093545802432,0.06511863193464636,0
2026-01-22 14:00:00,0.8171626610793022,248.8852467722046,0.09381546182672201,1
2026-01-22 15:00:00,0.9158494964322313,245.109400254139,0.13844513747819276,0
2026-01-22 16:00:00,0.8249468689706544,236.4876535017451,0.14951126484658248,1
2026-01-22 17:00:00,0.9058890838589708,178.9413200455832,0.011717011715338,0
2026-01-22 18:00:00,0.9233812994512615,244.04918301827792,0.126318057269812,0
2026-01-22 19:00:00,0.982604825403715,223.23459652532864,0.029440457277754607,0
2026-01-22 20:00:00,0.8054717157935601,231.6574930787899,0.08767831222001929,1
2026-01-22 21:00:00,0.8480637909496123,211.6878259382811,0.11422811452072024,1
2026-01-22 22:00:00,0.9053030246170782,213.63416191483705,0.13108482266475885,0
2026-01-22 23:00:00,0.8000941676061933,170.23726404682895,0.1326016701213408,1
2026-01-23 00:00:00,0.8399953185704028,227.96692918442818,0.096460120734009,1
2026-01-23 01:00:00,0.7953235077076916,222.224200396844,0.12193927513247617,1
2026-01-23 02:00:00,0.9533439040706179,204.16145614533923,0.07702235814754595,0
2026-01-23 03:00:00,0.9066469305390392,210.30511894044093,0.1472152689462746,0
2026-01-23 04:00:00,0.9897322853084216,149.41446455485658,0.06249524062534554,0
2026-01-23 05:00:00,0.8261765549788473,156.16544372379258,0.09127452587709475,1
2026-01-23 06:00:00,0.8114277632791705,237.40579335935445,0.07814239565735184,1
2026-01-23 07:00:00,0.9069754410715207,239.76026268645404,0.011868022152568847,0
2026-01-23 08:00:00,0.770459992955852,138.87961588447718,0.1104520916169283,1
2026-01-23 09:00:00,0.8185558492426764,259.32360725415236,0.03144613403464439,1
2026-01-23 10:00:00,0.9162623092654173,246.7844391102034,0.1032587699546613,0
2026-01-23 11:00:00,0.8116671530371747,230.99939971144852,0.05820017509013654,1
2026-01-23 12:00:00,0.7808714187617485,214.89680427740802,0.051578827122308865,1
2026-01-23 13:00:00,0.768805738812431,174.38565640668776,0.1488893501787771,1
2026-01-23 14:00:00,0.9694932775318434,244.5695358656882,0.03738933758118393,0
2026-01-23 15:00:00,0.8969733808403036,209.72769380065736,0.04270548628600139,0
2026-01-23 16:00:00,0.9843455514459798,248.78751618484642,0.0948820651945082,0
2026-01-23 17:00:00,0.9492982650726067,195.63533669885385,0.02974225505131503,0
2026-01-23 18:00:00,0.9425268534759332,228.34383116799935,0.024993365677191452,0
2026-01-23 19:00:00,0.932417831012039,255.99764544302283,0.013757817325915352,0
2026-01-23 20:00:00,0.8025970556653261,231.30965214846333,0.1440364575388505,1
2026-01-23 21:00:00,0.9180529078769359,203.237828402655,0.09027639790004977,0
2026-01-23 22:00:00,0.7871042509699681,226.09743398868522,0.12276901455127805,1
2026-01-23 23:00:00,0.9781274690284917,194.9775359912157,0.01431565316218978,0
2026-01-24 00:00:00,0.8622956755934291,272.41729794898896,0.017304936423883015,0
2026-01-24 01:00:00,0.7697696350690313,218.695105954065,0.10448886184968996,1
2026-01-24 02:00:00,0.9542259061423941,195.05081074183624,0.11292355857052888,0
2026-01-24 03:00:00,0.9079689781738397,239.83192727643944,0.08676727948201994,0
2026-01-24 04:00:00,0.9006893709000082,226.16052148829905,0.14345099972173436,0
2026-01-24 05:00:00,0.856957210048614,216.6544263602898,0.11587066845978303,0
2026-01-24 06:00:00,0.7639143676638127,202.2062214841034,0.07418308575126106,1
2026-01-24 07:00:00,0.9326486145540606,192.57659142448074,0.04040553121427544,0
2026-01-24 08:00:00,0.8099647378958141,201.39652380606734,0.08676598776508591,1
2026-01-24 09:00:00,0.8818923102580876,189.8475288757189,0.027260646066543798,0
2026-01-24 10:00:00,0.9277151871946344,272.6361500024084,0.14434959982281304,0
2026-01-24 11:00:00,0.7833674960431004,234.96869545243123,0.06614706597311681,1
2026-01-24 12:00:00,0.97458910563402,188.74764543436018,0.07439996311037224,0
2026-01-24 13:00:00,0.8670873411925235,195.92520482388628,0.031301231512067054,0
2026-01-24 14:00:00,0.9264257010451779,229.85437004820747,0.09203685682959817,0
2026-01-24 15:00:00,0.8927762603941353,207.18315490142248,0.05421438603383405,0
2026-01-24 16:00:00,0.8639669200260232,225.97866963142013,0.03784526089972917,0
2026-01-24 17:00:00,0.9468580213160253,219.43827149565846,0.01490763367004102,0
2026-01-24 18:00:00,0.9154766852126417,215.85631851822774,0.05615750308279619,0
2026-01-24 19:00:00,0.838428306815126,189.3779386736063,0.024128743594728424,1
2026-01-24 20:00:00,0.8877940774849903,220.6872861136503,0.023865073772845552,0
2026-01-24 21:00:00,0.7513525233831637,252.36011400700613,0.02031664929656464,1
2026-01-24 22:00:00,0.9509324771921766,210.75610567074176,0.0870881089142639,0
2026-01-24 23:00:00,0.9771954089643826,220.8325538225343,0.015096813150251073,0
2026-01-25 00:00:00,0.8429605437241906,248.95079176896945,0.07084758022998236,1
2026-01-25 01:00:00,0.7947685762587436,263.5428739315784,0.145429780819678,1
2026-01-25 02:00:00,0.7902422633943446,225.81491053707117,0.09399314317478231,1
2026-01-25 03:00:00,0.8848380414630344,235.5501493665695,0.05433997688825922,0
2026-01-25 04:00:00,0.8358692189215692,190.6924850659422,0.06449410962588287,1
2026-01-25 05:00:00,0.9717637452638178,160.84981502089371,0.13240905296447633,0
2026-01-25 06:00:00,0.7879215962093039,216.20489614208728,0.11491740356237007,1
2026-01-25 07:00:00,0.9038456336367575,181.19470424230963,0.016319577005111337,0
2026-01-25 08:00:00,0.9110137094179094,255.14599221651457,0.13741793587703008,0
2026-01-25 09:00:00,0.9735579800469093,211.98337095686148,0.11453104701317958,0
2026-01-25 10:00:00,0.7820638939202874,224.24345520874434,0.12680696329762833,1
2026-01-25 11:00:00,0.915129555019697,172.2306438159565,0.07595049074451383,0
2026-01-25 12:00:00,0.8259043755658194,243.28020990096127,0.01853125703240477,1
2026-01-25 13:00:00,0.8524312244813431,219.01666427997534,0.07272909027790722,0
2026-01-25 14:00:00,0.7765954204294906,240.48781181907165,0.07047890093936716,1
2026-01-25 15:00:00,0.8330345771544202,196.79541678514266,0.11745642022600597,1
2026-01-25 16:00:00,0.9811975397134198,249.7053436245043,0.021613624155131017,0
2026-01-25 17:00:00,0.8574062397533577,199.36792246050072,0.04554846885488757,0
2026-01-25 18:00:00,0.9641038744732273,216.91950788069022,0.06274004817868925,0
2026-01-25 19:00:00,0.8614746279584826,200.49888781406113,0.0807698747055824,0
2026-01-25 20:00:00,0.9685542444663124,263.281562554977,0.10068297811939834,0
2026-01-25 21:00:00,0.8297971692190858,215.77815808489382,0.1386242645480843,1
2026-01-25 22:00:00,0.9597252167540813,179.6256673902482,0.11293535633982416,0
2026-01-25 23:00:00,0.9039742026893673,180.81261714420992,0.027778228258234894,0
2026-01-26 00:00:00,0.7785464463314711,191.88599438823613,0.01508031800550682,1
2026-01-26 01:00:00,0.9549826185941528,181.01853606070821,0.14955437884214987,0
2026-01-26 02:00:00,0.9537757088412177,279.80696116319365,0.06493103918358945,0
2026-01-26 03:00:00,0.8304834803788218,259.54747790672536,0.13005505156905967,1
2026-01-26 04:00:00,0.7884226117583126,194.53766110981982,0.048171963238643076,1
2026-01-26 05:00:00,0.8314193390166759,193.63833133246231,0.11101946014960493,1
2026-01-26 06:00:00,0.895421767446221,266.73724565558024,0.02311921532514192,0
2026-01-26 07:00:00,0.8890174428869755,200.62977665436296,0.14630583458430144,0
2026-01-26 08:00:00,0.8144305440791786,202.29745677694223,0.14695553825931953,1
2026-01-26 09:00:00,0.9240714773862612,211.59523589522837,0.07778319523631506,0
2026-01-26 10:00:00,0.8425511561092901,208.3195695042295,0.058948402848118316,1
2026-01-26 11:00:00,0.831223400401098,201.1052135063831,0.07559645186003408,1
2026-01-26 12:00:00,0.9797933109385334,268.83148071826605,0.058369249279535795,0
2026-01-26 13:00:00,0.7984008981310429,164.91390597460895,0.14796229255938909,1
2026-01-26 14:00:00,0.9425133167238493,237.64259694955058,0.14735657313052625,0
2026-01-26 15:00:00,0.7695272520113092,196.4966752692028,0.09590866340424811,1
2026-01-26 16:00:00,0.8783183621269123,238.52385196418524,0.07900784660719584,0
2026-01-26 17:00:00,0.7778174214661462,207.04447574486508,0.039379359225744905,1
2026-01-26 18:00:00,0.8851043913147895,231.685701723425,0.13428287520483814,0
2026-01-26 19:00:00,0.900888445646052,203.4766432523812,0.1454500279681111,0
2026-01-26 20:00:00,0.8744824767278889,203.40869348101822,0.011654105158887975,0
2026-01-26 21:00:00,0.9632059163991082,232.405615960381,0.010986528984248156,0
2026-01-26 22:00:00,0.761193318759797,186.54267596257688,0.11873936139845652,1
2026-01-26 23:00:00,0.9536590018218296,219.64505155897757,0.04578170064457573,0
2026-01-27 00:00:00,0.9122714723454052,186.7676920440092,0.11922240501590534,0
2026-01-27 01:00:00,0.8388127953179031,206.21543064155378,0.11606458241528568,1
2026-01-27 02:00:00,0.8833231322613745,228.1226501658473,0.050313978806112894,0
2026-01-27 03:00:00,0.9036154439788421,200.07101939050742,0.10641220781947586,0
2026-01-27 04:00:00,0.956934434197414,246.28638997126802,0.08397427498814222,0
2026-01-27 05:00:00,0.9512875034356629,221.99410942680677,0.11390141809923167,0
2026-01-27 06:00:00,0.9486971836729512,250.28946616388419,0.07049135396328951,0
2026-01-27 07:00:00,0.8151628687772892,246.71180275819182,0.013511318207279457,1
2026-01-27 08:00:00,0.9018286081685674,261.47596132916556,0.0366667547796305,0
2026-01-27 09:00:00,0.9718010676074709,151.05359844841067,0.07651990265728396,0
2026-01-27 10:00:00,0.9735636683296405,160.92719219699447,0.05859329199983402,0
2026-01-27 11:00:00,0.921130778162347,238.86423307065598,0.12376721909500588,0
2026-01-27 12:00:00,0.7533580773153618,221.1560077504077,0.058564018089527,1
2026-01-27 13:00:00,0.8472069079426638,217.32752119565728,0.04215073073036196,1
2026-01-27 14:00:00,0.7903255137418096,285.1988947787226,0.037862081495209934,1
2026-01-27 15:00:00,0.8491587048001306,200.95212581877203,0.06505932774501468,1
2026-01-27 16:00:00,0.8046401486211578,270.10345114228005,0.06688596780954294,1
2026-01-27 17:00:00,0.8197922888487917,181.27114115772235,0.07295643927253255,1
2026-01-27 18:00:00,0.9785418754899444,218.37945898105806,0.09592661222404446,0
2026-01-27 19:00:00,0.9089758725327264,233.6545286708667,0.10313756478057003,0
2026-01-27 20:00:00,0.9061975299464031,201.56586709881583,0.07068272936097574,0
2026-01-27 21:00:00,0.9203044032519367,200.62459893224306,0.11743026253908737,0
2026-01-27 22:00:00,0.9577924997495626,210.26684596317347,0.12065811155917233,0
2026-01-27 23:00:00,0.9449226654568237,207.6318371543895,0.12274239451992193,0
2026-01-28 00:00:00,0.9756691537526561,264.94506881025313,0.0731485515583017,0
2026-01-28 01:00:00,0.8908967003593851,221.29138242510388,0.1250237498623112,0
2026-01-28 02:00:00,0.7985498147371478,245.96585073026193,0.019803321717238614,1
2026-01-28 03:00:00,0.822313043601749,208.69981967040934,0.07834441924561181,1
2026-01-28 04:00:00,0.8160694917480988,206.18007917660347,0.06045751999929718,1
2026-01-28 05:00:00,0.9040821724735659,217.0479039454654,0.021786025435346128,0
2026-01-28 06:00:00,0.800022486559051,212.28768256874883,0.10137254018402377,1
2026-01-28 07:00:00,0.8807582081016067,240.36171328345566,0.14825038740702878,0
2026-01-28 08:00:00,0.9467135206260264,244.0849338215438,0.11269638330279427,0
2026-01-28 09:00:00,0.940315680286651,202.4753988484478,0.09943265185232614,0
2026-01-28 10:00:00,0.8961012240141506,238.9271459262297,0.12366688439629563,0
2026-01-28 11:00:00,0.9511618989850081,210.5605928702938,0.023361667256144983,0
2026-01-28 12:00:00,0.928248226458581,207.93614726964137,0.08663748891171975,0
2026-01-28 13:00:00,0.8568998292268457,170.57295701539095,0.04316608419580249,0
2026-01-28 14:00:00,0.8505662990245346,224.00120570148363,0.038322781807031,0
2026-01-28 15:00:00,0.8149453707160047,214.28839103940615,0.1495183565428658,1
2026-01-28 16:00:00,0.7694791441440916,219.58987364908504,0.0382410578492022,1
2026-01-28 17:00:00,0.8774182559179924,211.10903039133802,0.09624938986557754,0
2026-01-28 18:00:00,0.8915979815907751,236.38036747077018,0.1053782402191618,0
2026-01-28 19:00:00,0.8770730717576938,180.55594008615017,0.03950191987508408,0
2026-01-28 20:00:00,0.9870087710830171,222.37106929516415,0.12731298397778595,0
2026-01-28 21:00:00,0.7531374296761685,155.0958970252563,0.05578704191008604,1
2026-01-28 22:00:00,0.9811425306479572,217.8189542138317,0.10176822074605466,0
2026-01-28 23:00:00,0.8938064913430204,257.425883023839,0.07471139805554868,0
2026-01-29 00:00:00,0.819086392329775,123.99143819334283,0.05173480938039386,1
2026-01-29 01:00:00,0.7646301844819412,246.2872496485379,0.02718960050632617,1
2026-01-29 02:00:00,0.9524953751425906,223.08690313505957,0.0521505134858741,0
2026-01-29 03:00:00,0.8363367662828654,278.15068077217757,0.046577840552592654,1
2026-01-29 04:00:00,0.8827945341514103,190.12832881377958,0.05967008866832994,0
2026-01-29 05:00:00,0.8440787198132709,223.05829360326396,0.1082510012686374,1
2026-01-29 06:00:00,0.8265157869463683,152.9527357957507,0.10420708820574778,1
2026-01-29 07:00:00,0.8511245840654886,206.16273618675203,0.14876996854267857,0
2026-01-29 08:00:00,0.8002846707402869,169.07817747103087,0.030288490402595188,1
2026-01-29 09:00:00,0.7586253900444038,194.97530291728432,0.02170751732703321,1
2026-01-29 10:00:00,0.9086946605609448,223.44534889168185,0.021455375268681288,0
2026-01-29 11:00:00,0.8559304013345365,192.91984431860448,0.1400027802672093,0
2026-01-29 12:00:00,0.8494589626807569,225.36654397281697,0.047846182086521166,1
2026-01-29 13:00:00,0.8266246316442251,238.04928680003457,0.030150676915941477,1
2026-01-29 14:00:00,0.9181225230374899,195.5393569404749,0.1046365135569366,0
2026-01-29 15:00:00,0.8339733930538027,200.71397065328426,0.11541482580791441,1
2026-01-29 16:00:00,0.91115437847858,166.66134789395954,0.13806573775429465,0
2026-01-29 17:00:00,0.9059969642099606,188.35732403668993,0.13109723665449444,0
2026-01-29 18:00:00,0.822306446920495,255.48229608033367,0.11476821797782853,1
2026-01-29 19:00:00,0.94988219557428,217.43009103835607,0.0896624420315203,0
2026-01-29 20:00:00,0.8583565999276572,288.48161485770004,0.03819339474649288,0
2026-01-29 21:00:00,0.9435315910023359,184.66033863899432,0.021920441919996335,0
2026-01-29 22:00:00,0.8276410353298012,251.05878150701886,0.06614485416398054,1
2026-01-29 23:00:00,0.9610375726689482,146.99513810616634,0.04340239989297087,0
2026-01-30 00:00:00,0.7788406507083476,181.2196649410425,0.14958237013975784,1
2026-01-30 01:00:00,0.9573616833436956,227.01839561470004,0.042421584937001496,0
2026-01-30 02:00:00,0.9652125961444958,248.79651117755725,0.011421641567271209,0
2026-01-30 03:00:00,0.9395873556442149,208.13979097456087,0.10753385091516195,0
2026-01-30 04:00:00,0.9713017438672995,231.38577035534792,0.12478265433314617,0
2026-01-30 05:00:00,0.9554018498864143,175.21948481406181,0.10169009594101971,0
2026-01-30 06:00:00,0.8458000096522037,237.81525382963778,0.06443471395888238,1
2026-01-30 07:00:00,0.9290706715099417,180.40974476438498,0.14448190481547243,0
2026-01-30 08:00:00,0.9336696305184455,205.94579662755925,0.04429693109544305,0
2026-01-30 09:00:00,0.780331066431674,220.0697610217454,0.10017724304287239,1
2026-01-30 10:00:00,0.8917391285766445,181.84363882911862,0.10054498144301792,0
2026-01-30 11:00:00,0.9746894931571137,177.21315989104394,0.13168858141025105,0
2026-01-30 12:00:00,0.8589845653718696,195.6746147821121,0.07193876832919256,0
2026-01-30 13:00:00,0.957906554720402,148.01743321414838,0.0348936757443597,0
2026-01-30 14:00:00,0.8702503359156065,265.66161280165306,0.01579501177168511,0
2026-01-30 15:00:00,0.7521686605364342,206.48963433344088,0.03694230120072149,1
2026-01-30 16:00:00,0.9641443059467049,225.78589280925854,0.14876401826768446,0
2026-01-30 17:00:00,0.7806421119441923,221.73297127848602,0.05527482563688714,1
2026-01-30 18:00:00,0.803731531550618,208.3991203830668,0.09624425387067743,1
2026-01-30 19:00:00,0.946248641420774,168.9708341813157,0.10192107282003522,0
2026-01-30 20:00:00,0.780599397442692,199.00815929419858,0.07095030124446049,1
2026-01-30 21:00:00,0.9592878321285141,188.38700693133654,0.11480073864963249,0
2026-01-30 22:00:00,0.9554249254389646,257.5924534751585,0.12825618569398525,0
2026-01-30 23:00:00,0.9523520642931301,204.37587534972803,0.06459002633772284,0
2026-01-31 00:00:00,0.7916236665608863,189.29235797642028,0.10440756922010919,1
2026-01-31 01:00:00,0.8922594167355249,185.00010715782676,0.05731864202001041,0
2026-01-31 02:00:00,0.9162011855178709,226.83774994633572,0.09613877412369955,0
2026-01-31 03:00:00,0.77057095379335,200.05113609325338,0.03787099079633714,1
2026-01-31 04:00:00,0.8184886487208551,228.11461034878766,0.1020395859843407,1
2026-01-31 05:00:00,0.8381874533329666,285.6174369776256,0.10101566058269264,1
2026-01-31 06:00:00,0.8987106553953467,227.57744444089798,0.03657770240262112,0
2026-01-31 07:00:00,0.8472319343921975,196.54017974892636,0.018975144577544338,1
2026-01-31 08:00:00,0.8914731099503997,202.023145750586,0.06741036247362084,0
2026-01-31 09:00:00,0.7577216561260898,224.99395810732437,0.10230814103640165,1
2026-01-31 10:00:00,0.9472863743588331,242.50323488391084,0.05190591286102498,0
2026-01-31 11:00:00,0.9647457582477073,171.1176528603033,0.14240447729742234,0
2026-01-31 12:00:00,0.8604730242393677,212.09338008441864,0.12903908591307772,0
2026-01-31 13:00:00,0.8165040533722014,232.26723677047656,0.08655263176585473,1
2026-01-31 14:00:00,0.8757028755483466,215.70300440262739,0.05811556303810376,0
2026-01-31 15:00:00,0.8948604282174775,167.6237401817312,0.014362850715333199,0
2026-01-31 16:00:00,0.9853783949699965,223.68863376630134,0.1364051817834846,0
2026-01-31 17:00:00,0.9239983302278943,204.54324786418937,0.09188254229237261,0
2026-01-31 18:00:00,0.9896123508520273,217.54860363225674,0.027899270227031703,0
2026-01-31 19:00:00,0.7875969337194964,207.64083774155685,0.0774482359466487,1
2026-01-31 20:00:00,0.8431098620278275,225.23338723892977,0.027686064465171065,1
2026-01-31 21:00:00,0.8833582150570847,266.85022571980505,0.04674555795465111,0
2026-01-31 22:00:00,0.7929034218300063,168.83789859309778,0.054702902246091874,1
2026-01-31 23:00:00,0.9171472191414679,190.94316711125134,0.13337676478054578,0
2026-02-01 00:00:00,0.8065479430559657,205.1521214275903,0.08974537433579437,1
2026-02-01 01:00:00,0.8009006373368374,261.9717446850308,0.13195637035612104,1
2026-02-01 02:00:00,0.8605200969682587,203.37434462727484,0.11495870077148289,0
2026-02-01 03:00:00,0.9549869800458651,265.5358487127627,0.07130758959388611,0
2026-02-01 04:00:00,0.9867094526776389,189.92312464964252,0.02997241678710655,0
2026-02-01 05:00:00,0.8416430775338163,211.78328828120314,0.13658427373223317,1
2026-02-01 06:00:00,0.8385362941615253,201.58770341096886,0.1084470926876483,1
2026-02-01 07:00:00,0.8933975414317102,201.23930742247205,0.08679379615578202,0
2026-02-01 08:00:00,0.7966792261786224,213.8671032533464,0.1364192736842392,1
2026-02-01 09:00:00,0.9479631545132252,203.12305523131872,0.14187377928374534,0
2026-02-01 10:00:00,0.9857028754203476,193.62275615361335,0.13353714190151478,0
2026-02-01 11:00:00,0.817212270518972,204.65952118176247,0.023229163236900018,1
2026-02-01 12:00:00,0.7660609304865947,188.65548868896707,0.0533016682998006,1
2026-02-01 13:00:00,0.9560069384713109,144.3979364555378,0.04508998935590034,0
2026-02-01 14:00:00,0.9443106772100198,234.00973724185116,0.0799695124840356,0
2026-02-01 15:00:00,0.7940165543366275,203.08852361640905,0.11676069841064483,1
2026-02-01 16:00:00,0.8627972680174713,164.35969075426667,0.039453338614491004,0
2026-02-01 17:00:00,0.7840292597738124,185.33064947442506,0.13712844287423628,1
2026-02-01 18:00:00,0.9064844754741148,172.89408531402924,0.1411072390612697,0
2026-02-01 19:00:00,0.9636574268383442,190.77037831794934,0.09535841011575132,0
2026-02-01 20:00:00,0.9200530397930892,234.06299341529623,0.13507294972975484,0
2026-02-01 21:00:00,0.8511716958170552,205.58455837779988,0.07590638921631898,0
2026-02-01 22:00:00,0.8750427493711178,258.0442997391848,0.09808692319286787,0
2026-02-01 23:00:00,0.8513567573923934,187.14942838024015,0.04349612720823286,0
2026-02-02 00:00:00,0.8296684083340655,229.3715101179786,0.11646926904623056,1
2026-02-02 01:00:00,0.9626430552867815,155.4434587722209,0.12724133019907635,0
2026-02-02 02:00:00,0.8455602045263988,202.68047646061422,0.01608568191213812,1
2026-02-02 03:00:00,0.9141195828708106,155.40665474113388,0.1352706244276762,0
2026-02-02 04:00:00,0.7698583502414093,227.09846694657404,0.1116359984371686,1
2026-02-02 05:00:00,0.8008711932382748,268.35030235139675,0.08562095486121522,1
2026-02-02 06:00:00,0.774155630778581,197.88397095639232,0.06651664096642451,1
2026-02-02 07:00:00,0.8477843000330966,174.35886423313468,0.08071146891368172,1
2026-02-02 08:00:00,0.8224129713544444,265.8936729731913,0.11220231284421917,1
2026-02-02 09:00:00,0.794675369954348,159.30047963138625,0.14218887223474924,1
2026-02-02 10:00:00,0.7665963364248385,197.46669556550088,0.014407311529553515,1
2026-02-02 11:00:00,0.8338052671433157,238.5024108129696,0.027226532421859115,1
2026-02-02 12:00:00,0.8818154099092088,243.61702319433232,0.1091793480856125,0
2026-02-02 13:00:00,0.7738887425695746,214.0715289938674,0.039550520612961125,1
2026-02-02 14:00:00,0.7843088022979067,189.72585080910665,0.015386770729106266,1
2026-02-02 15:00:00,0.8742802443113966,205.66551041218068,0.09102735902511515,0
2026-02-02 16:00:00,0.8339115932570382,168.19510738471584,0.10186862118178264,1
2026-02-02 17:00:00,0.9409970265030543,212.443946666521,0.09426822851280944,0
2026-02-02 18:00:00,0.7734671089793348,187.12569428765693,0.029319116099370927,1
2026-02-02 19:00:00,0.8671202204396196,214.11431512345115,0.0830851686368357,0
2026-02-02 20:00:00,0.881675445450739,205.1601351100343,0.08519263563423289,0
2026-02-02 21:00:00,0.8671079719479518,185.36774610251473,0.14568856969306826,0
2026-02-02 22:00:00,0.7506689388351092,216.64930687756515,0.04369023328708667,1
2026-02-02 23:00:00,0.9653791508751903,263.17681941240534,0.11751680369332587,0
2026-02-03 00:00:00,0.9479686363243444,241.6024739478288,0.06280712077417538,0
2026-02-03 01:00:00,0.7595609442525978,240.98485465098665,0.08321307914440794,1
2026-02-03 02:00:00,0.8826275855700703,214.13814333836066,0.07994332558963405,0
2026-02-03 03:00:00,0.8622591836065352,219.35499257124434,0.037089821531155066,0
2026-02-03 04:00:00,0.7770672776726159,172.54984630306976,0.12931751204448488,1
2026-02-03 05:00:00,0.9642594499214827,245.20056352198935,0.01905416737797832,0
2026-02-03 06:00:00,0.9009778051085275,225.0990158572162,0.10284022592890754,0
2026-02-03 07:00:00,0.8087704578900705,231.34939278881603,0.04210213769720738,1
2026-02-03 08:00:00,0.7565485560766558,174.77680695385789,0.02307941852376147,1
2026-02-03 09:00:00,0.7732238077137759,203.808364206252,0.09467485419731372,1
2026-02-03 10:00:00,0.8755205422158234,215.2635293885838,0.018376761328457884,0
2026-02-03 11:00:00,0.878037632508559,245.75000669953198,0.06831209181178687,0
2026-02-03 12:00:00,0.8609836433867353,180.78412781272863,0.11530308842955374,0
2026-02-03 13:00:00,0.8753496362679264,205.87375205427645,0.01570565051994748,0
2026-02-03 14:00:00,0.953842669594912,180.7946190668729,0.04810893816930093,0
2026-02-03 15:00:00,0.9304670203795776,180.37203162431044,0.1325387815939013,0
2026-02-03 16:00:00,0.8578072015596622,244.2680993366474,0.07295422633542413,0
2026-02-03 17:00:00,0.964474760320841,239.71395651489914,0.13898101998112103,0
2026-02-03 18:00:00,0.8033591863727862,177.30768849467194,0.14922715140292092,1
2026-02-03 19:00:00,0.7723294962747849,182.17737168029223,0.06743382223716561,1
2026-02-03 20:00:00,0.7829377963984607,185.4341926926294,0.022078827627096273,1
2026-02-03 21:00:00,0.7508399436692275,222.1289081949409,0.07003906695054393,1
2026-02-03 22:00:00,0.9872121137288894,186.83114234816688,0.03661237626994549,0
2026-02-03 23:00:00,0.8950764527481042,225.7711971889897,0.10533820978538208,0
2026-02-04 00:00:00,0.9840900058621852,183.4927236031185,0.03511988682084498,0
2026-02-04 01:00:00,0.810012428126523,201.34788898309023,0.11940191339753531,1
2026-02-04 02:00:00,0.8499303291421558,206.55957820899383,0.04479477236647987,1
2026-02-04 03:00:00,0.7832117492995592,221.47519337139013,0.07584580530066913,1
2026-02-04 04:00:00,0.9217194785297459,203.86019567495936,0.05944221084544322,0
2026-02-04 05:00:00,0.8672361081949027,184.45323334336882,0.12575043879305406,0
2026-02-04 06:00:00,0.7891489119265637,194.48436564424532,0.05825648756947954,1
2026-02-04 07:00:00,0.8748742467458117,222.82127003791547,0.0159482614105953,0
2026-02-04 08:00:00,0.7684881586907869,169.35142980954174,0.06752794693506929,1
2026-02-04 09:00:00,0.8369421678418791,154.66710861159305,0.030839997453431023,1
2026-02-04 10:00:00,0.8476710252014976,215.7361655021895,0.041805363836170374,1
2026-02-04 11:00:00,0.7921216021909548,214.90691667330688,0.059903212532998316,1
2026-02-04 12:00:00,0.8458124995724905,193.97023637299108,0.018175848226555588,1
2026-02-04 13:00:00,0.8799616900073443,183.3923625729805,0.0793733148235325,0
2026-02-04 14:00:00,0.863150242138752,192.83180050237274,0.11007319395259069,0
2026-02-04 15:00:00,0.9588851117311383,189.69617973895436,0.04636244558848242,0
2026-02-04 16:00:00,0.8069292988599095,235.38271073717627,0.13880385358609476,1
2026-02-04 17:00:00,0.9897814732088183,207.60520928782205,0.06874191056406355,0
2026-02-04 18:00:00,0.8897886360416344,175.15167777402718,0.015160891945064751,0
2026-02-04 19:00:00,0.7796922503263176,196.9608147019994,0.0962060813392133,1
2026-02-04 20:00:00,0.8509722965481109,178.69863154592193,0.11418974093107853,0
2026-02-04 21:00:00,0.8974580668759062,213.60198663507637,0.05444829971638602,0
2026-02-04 22:00:00,0.9696835278096028,208.07529093210576,0.06158173550323269,0
2026-02-04 23:00:00,0.8174060520777473,137.4892065395991,0.03231127473078324,1
2026-02-05 00:00:00,0.8382050207456405,216.08556506545315,0.12236731856697358,1
2026-02-05 01:00:00,0.9684121010930054,225.1055673686765,0.051887771133447905,0
2026-02-05 02:00:00,0.9703434467295144,249.2308354259352,0.14892136571804865,0
2026-02-05 03:00:00,0.7984746458889255,253.14513819310008,0.13376726770726688,1
2026-02-05 04:00:00,0.9035752113867315,178.7674059622997,0.13087277801452626,0
2026-02-05 05:00:00,0.8846800767543251,223.88237582725043,0.08577819506163085,0
2026-02-05 06:00:00,0.8880179669350542,207.35095655061556,0.12317957400640887,0
2026-02-05 07:00:00,0.9532755593177302,184.6073421565511,0.14520449315382963,0
2026-02-05 08:00:00,0.8015718819483906,231.18482252959052,0.07500278439963359,1
2026-02-05 09:00:00,0.8897780964810555,190.76292206371883,0.13518825764814293,0
2026-02-05 10:00:00,0.9264166076025757,268.7182921323582,0.043977878199364204,0
2026-02-05 11:00:00,0.7804525003901626,191.15607914483064,0.051376399684418254,1
2026-02-05 12:00:00,0.7884739092308529,266.4229102837967,0.12801936108963327,1
2026-02-05 13:00:00,0.9020142054899332,222.51581993076223,0.05797089715949273,0
2026-02-05 14:00:00,0.9080596612377101,205.44152990527982,0.1291024756855308,0
2026-02-05 15:00:00,0.7583362274870854,245.83427400735616,0.08890769411244981,1
2026-02-05 16:00:00,0.9780357765885601,215.734276795107,0.12674096342490201,0
2026-02-05 17:00:00,0.897310944094582,169.41389787167068,0.026642374834508292,0
2026-02-05 18:00:00,0.8812750899774571,171.88366848068995,0.030725534778703212,0
2026-02-05 19:00:00,0.9044560383312304,191.5718191720926,0.07366066993967611,0
2026-02-05 20:00:00,0.7796778345522565,178.58256967210465,0.03790483998701408,1
2026-02-05 21:00:00,0.7629369214062017,247.7954022366049,0.12323748797777283,1
2026-02-05 22:00:00,0.8005403443298772,179.06232807059015,0.05200277521156409,1
2026-02-05 23:00:00,0.77483068419567,226.05690229754674,0.10468483956920555,1
2026-02-06 00:00:00,0.9869145071332652,207.55964823135622,0.10931195639607962,0
2026-02-06 01:00:00,0.7716932441585821,169.32171555400288,0.040915268997510794,1
2026-02-06 02:00:00,0.8613640380709964,220.941505680663,0.10423296801958672,0
2026-02-06 03:00:00,0.8749920366309566,231.5399939264474,0.03832487131941905,0
2026-02-06 04:00:00,0.9330814757840239,233.13848280562206,0.09943107586653703,0
2026-02-06 05:00:00,0.9767858327562458,213.27967630771022,0.04546606338848672,0
2026-02-06 06:00:00,0.8317488613166485,213.97106111598836,0.07935632719259082,1
2026-02-06 07:00:00,0.8196813163935281,218.2217009640123,0.08203701594305604,1
2026-02-06 08:00:00,0.8304412699507684,169.93007398819972,0.07205416782411465,1
2026-02-06 09:00:00,0.8001816196484196,190.7921571568647,0.03075536387015012,1
2026-02-06 10:00:00,0.7798896244886402,230.57743162627187,0.10548128240548235,1
2026-02-06 11:00:00,0.8840129717058578,234.1924898247057,0.03430759460116997,0
2026-02-06 12:00:00,0.9242480187279589,145.47307810380758,0.09556518990242008,0
2026-02-06 13:00:00,0.8629570938671067,213.41456302192864,0.14581627797432195,0
2026-02-06 14:00:00,0.9501208044072452,185.31350373924312,0.0732080583249927,0
2026-02-06 15:00:00,0.8220720305725845,206.38426963703373,0.13241171712099348,1
2026-02-06 16:00:00,0.9224101913702143,227.7428743317982,0.05744934088678405,0
2026-02-06 17:00:00,0.8326509106491667,262.98818571335704,0.08197925464042638,1
2026-02-06 18:00:00,0.9070141704549112,210.35807498270356,0.12432954594408525,0
2026-02-06 19:00:00,0.9783952796267392,224.0800976009155,0.12436856696892963,0
2026-02-06 20:00:00,0.780480642747082,223.03579110825768,0.130519260996694,1
2026-02-06 21:00:00,0.8124979045220364,225.51255344325628,0.11238658622158718,1
2026-02-06 22:00:00,0.9483805590475294,189.33782437184541,0.03421358123687804,0
2026-02-06 23:00:00,0.9240747312298847,235.49496287921028,0.1078606900162676,0
2026-02-07 00:00:00,0.8951865750951702,204.6248782134653,0.021371210482465493,0
2026-02-07 01:00:00,0.9537585998583624,178.4069682043251,0.13842504268504646,0
2026-02-07 02:00:00,0.757677881288941,191.57713073988361,0.0521447075293127,1
2026-02-07 03:00:00,0.9492168466242086,218.21620639821185,0.0562813831313204,0
2026-02-07 04:00:00,0.8759344129524298,220.83865827987202,0.06087667066246598,0
2026-02-07 05:00:00,0.8103168914184091,182.23320795519533,0.045151185658615665,1
2026-02-07 06:00:00,0.8442124924950732,239.88327047195762,0.1095188653655544,1
2026-02-07 07:00:00,0.8447540965830466,176.9617460652649,0.10490444242045051,1
2026-02-07 08:00:00,0.7522061701507775,242.7435696473448,0.05002709232908201,1
2026-02-07 09:00:00,0.8094248240563572,258.70661066230605,0.09786120985615372,1
2026-02-07 10:00:00,0.9355739686233568,205.33329108218334,0.06882149871029362,0
2026-02-07 11:00:00,0.9173257403639041,184.82365368847624,0.11739716646355138,0
2026-02-07 12:00:00,0.8383510757638702,239.03705841437892,0.0743993710964822,1
2026-02-07 13:00:00,0.9441247903662048,219.73398010795745,0.1293000788001496,0
2026-02-07 14:00:00,0.7697756441016645,206.0221250491731,0.036335551874373546,1
2026-02-07 15:00:00,0.7879215565748512,270.91249800468466,0.10933688199431807,1
2026-02-07 16:00:00,0.9247660312373727,192.44308502938708,0.10434037085595162,0
2026-02-07 17:00:00,0.7739859632913673,262.74342770384766,0.015401639742721606,1
2026-02-07 18:00:00,0.9588609560846302,208.27422881403814,0.11590203532300414,0
2026-02-07 19:00:00,0.8481102423865795,246.51575754225115,0.12862814938272038,1
2026-02-07 20:00:00,0.9612655241532828,188.2429218522857,0.126837435480394,0
2026-02-07 21:00:00,0.9613920790994607,210.20232980308396,0.03268718136411434,0
2026-02-07 22:00:00,0.9484028197089127,177.7392937112262,0.04586474102865452,0
2026-02-07 23:00:00,0.8297210699308917,200.5669461208502,0.07789904280445657,1
2026-02-08 00:00:00,0.9662019827097422,187.16922493040448,0.12586430914028066,0
2026-02-08 01:00:00,0.8503122138864685,218.2345804107188,0.05065668971730945,0
2026-02-08 02:00:00,0.9497855235982711,294.30114877723736,0.12408569589460618,0
2026-02-08 03:00:00,0.9548981290651579,168.92401765245745,0.11839406139365267,0
2026-02-08 04:00:00,0.7827995434579277,215.39674776443115,0.010584173074870877,1
2026-02-08 05:00:00,0.9320415668769206,242.87548711059486,0.11519536877873078,0
2026-02-08 06:00:00,0.8424743490246684,175.34445042256306,0.05241503033712781,1
2026-02-08 07:00:00,0.7500668967603223,240.08836287415699,0.10220482270245922,1
2026-02-08 08:00:00,0.8093166788659866,196.6767231672678,0.08576087794290638,1
2026-02-08 09:00:00,0.9761973523190535,255.75472232521093,0.06205121376239925,0
2026-02-08 10:00:00,0.8594745697581047,171.01443345615633,0.13581836560587146,0
2026-02-08 11:00:00,0.7504271329629169,207.2048188417719,0.07120257022179852,1
2026-02-08 12:00:00,0.8211930305318721,225.19726573724787,0.02954494309500561,1
2026-02-08 13:00:00,0.9380952180720565,240.5406625340436,0.10393653343269672,0
2026-02-08 14:00:00,0.8599389740139225,237.94867448722752,0.056653723607860924,0
2026-02-08 15:00:00,0.9179363612223472,224.6378340554284,0.01198545866447877,0
2026-02-08 16:00:00,0.7957494531446582,233.10996801155758,0.03301106807679671,1
2026-02-08 17:00:00,0.8373867865010133,232.77656363021688,0.049594996818065534,1
2026-02-08 18:00:00,0.8228516724951056,207.89022172658417,0.02177425588197429,1
2026-02-08 19:00:00,0.7666225127812506,207.34465574530992,0.025320552978469427,1
2026-02-08 20:00:00,0.8440878880681593,225.18493682959627,0.05030076653198673,1
2026-02-08 21:00:00,0.94471324000631,218.22692870007413,0.014699170976216019,0
2026-02-08 22:00:00,0.7745155597339882,193.79658344629826,0.14110783732432386,1
2026-02-08 23:00:00,0.772802389102531,244.61181682725538,0.0503744683362563,1
2026-02-09 00:00:00,0.7738781154433875,208.54109433201998,0.07594385716222934,1
2026-02-09 01:00:00,0.8951612929331209,174.06192962426667,0.03760150990267167,0
2026-02-09 02:00:00,0.8002276300238708,158.48808569463696,0.10564372978709152,1
2026-02-09 03:00:00,0.8426788560601502,238.87521566477523,0.06722799671151138,1
2026-02-09 04:00:00,0.8847276617448918,232.30793759588252,0.0711263931755449,0
2026-02-09 05:00:00,0.8848524106470372,227.45280842755898,0.05236998534149004,0
2026-02-09 06:00:00,0.9110489290788226,165.69040491548537,0.019659812235017324,0
2026-02-09 07:00:00,0.870976732749677,190.92924736086997,0.054551213332103304,0
2026-02-09 08:00:00,0.7606412085903743,217.75558328996638,0.04759904065207798,1
2026-02-09 09:00:00,0.8582093662014489,182.6047310104404,0.1263598545849265,0
2026-02-09 10:00:00,0.9632135104769312,209.44988641831125,0.09614687260095892,0
2026-02-09 11:00:00,0.7512888094448069,199.94525213052086,0.09619309020273462,1
2026-02-09 12:00:00,0.8470484480548719,253.0270352033125,0.12298593058198357,1
2026-02-09 13:00:00,0.769699814151287,240.39887665793088,0.12613187063377568,1
2026-02-09 14:00:00,0.76852656137667,203.07526409966397,0.07474303134810695,1
2026-02-09 15:00:00,0.8579569824956137,206.10988809873055,0.06400911914162213,0
2026-02-09 16:00:00,0.9504853756887549,224.67383333475257,0.09644361133337301,0
2026-02-09 17:00:00,0.9736796445292443,175.26543916592675,0.08138534305035715,0
2026-02-09 18:00:00,0.8804979432112434,212.00819108134183,0.0890594434642054,0
2026-02-09 19:00:00,0.9197620541895262,233.33229171420143,0.07097124037894427,0
2026-02-09 20:00:00,0.9465215004669862,152.43041878381212,0.024744290110589207,0
2026-02-09 21:00:00,0.8651463102343367,185.0026564158576,0.1293170852690994,0
2026-02-09 22:00:00,0.8016234976064383,229.4052017337889,0.0895898394297124,1
2026-02-09 23:00:00,0.9423563901053267,214.63011781286366,0.07318641684153179,0
2026-02-10 00:00:00,0.8491962805178233,262.63854689043376,0.015548574311615757,1
2026-02-10 01:00:00,0.8145441878548013,220.23763206870777,0.12697709715267785,1
2026-02-10 02:00:00,0.8697962736419869,235.9036832071372,0.09152527735698901,0
2026-02-10 03:00:00,0.8363601124662652,211.4219178288544,0.07282393938963691,1
2026-02-10 04:00:00,0.832366448914299,194.63446567554755,0.07428052354037858,1
2026-02-10 05:00:00,0.8881585885928047,198.15963783874142,0.06720718430723426,0
2026-02-10 06:00:00,0.9480098734449393,220.47858974300883,0.14917836529955833,0
2026-02-10 07:00:00,0.9778178759570448,188.05932396138513,0.14863068453085512,0
2026-02-10 08:00:00,0.7548898049158286,248.61495951636135,0.054127941116454976,1
2026-02-10 09:00:00,0.9607246413821395,198.06761444142188,0.03996103065414195,0
2026-02-10 10:00:00,0.8849844513116427,207.16165427997277,0.10869417476512237,0
2026-02-10 11:00:00,0.8985474128574145,228.59637711908675,0.024353610470801597,0
2026-02-10 12:00:00,0.854441454677739,207.66184964227057,0.027288557121049876,0
2026-02-10 13:00:00,0.8119556116493962,170.09615125704045,0.01740190219454478,1
2026-02-10 14:00:00,0.8101318747910876,267.4317380127186,0.12809199962827025,1
2026-02-10 15:00:00,0.7785261515149913,167.5889013652029,0.13932561952671818,1
2026-02-10 16:00:00,0.9107968367753949,208.289973334401,0.14001252701249076,0
2026-02-10 17:00:00,0.8018562604468148,173.11890522979434,0.13879398509012247,1
2026-02-10 18:00:00,0.778760762287134,209.14171925008648,0.047965518617570854,1
2026-02-10 19:00:00,0.8259334141176514,203.24147336189844,0.052428219282347366,1
2026-02-10 20:00:00,0.9062570536202461,247.4600370613173,0.034059330819438634,0
2026-02-10 21:00:00,0.9256777369754277,178.99925629384992,0.09814746317426504,0
2026-02-10 22:00:00,0.8017501356393905,188.5414210003936,0.05829579388799455,1
2026-02-10 23:00:00,0.873753096296143,247.24413883849832,0.14303207517416636,0
2026-02-11 00:00:00,0.7952798142016249,208.56808088476976,0.07651611243845939,1
2026-02-11 01:00:00,0.7701538288197968,245.58346199570335,0.08657609935468262,1
2026-02-11 02:00:00,0.8782238635913777,187.50541965213847,0.04727619658651615,0
2026-02-11 03:00:00,0.980186734275746,135.1667788960522,0.04410545423732736,0
2026-02-11 04:00:00,0.922542314993244,176.79678822094866,0.09186609005719659,0
2026-02-11 05:00:00,0.9102877675898218,192.05310697862836,0.08187102612714148,0
2026-02-11 06:00:00,0.8960698479816787,231.7863527299043,0.024409360882938474,0
2026-02-11 07:00:00,0.9528478718445905,235.3986267165221,0.11031733141678003,0
2026-02-11 08:00:00,0.7873813652402233,219.04983238952866,0.049578659093578,1
2026-02-11 09:00:00,0.922497872831674,202.98899781511116,0.1071578002480653,0
2026-02-11 10:00:00,0.8194482810196284,290.7906515238499,0.010572682192549374,1
2026-02-11 11:00:00,0.9205611116491494,213.76610596283163,0.09196849341852462,0
2026-02-11 12:00:00,0.9293041792998413,208.65978174482424,0.06921498424453582,0
2026-02-11 13:00:00,0.7700242150425141,228.72082791423693,0.021322888383064634,1
2026-02-11 14:00:00,0.7726034563508537,184.89011129955776,0.13446513175855784,1
2026-02-11 15:00:00,0.8758814742968846,261.9400974138509,0.1316311581090617,0
